Cij,r,
0.34,0.0,2.4866309197651675

Time taken to run the code is 0.045023834 s