ρ,ρ*ρ,σ²-Model,σ²-Analytical
0.05,0.0025000000000000005,0.050679361984000006,0.058642061281337046
